Kong Hans Klder,4,55.678737,12.584001,copenhagen,4.9
Restaurant Era Ora,4,55.673257,12.591551,copenhagen,4.4
Kiin Kiin,4,55.691896,12.557242,copenhagen,4.4
AOC,4,55.683281,12.588829,copenhagen,4.6
Formel B,3,55.670676,12.535625,copenhagen,4.4
Sllerd Kro,4,55.813507,12.495165,copenhagen,4.4
Noma,4,55.6779,12.5963,copenhagen,4.1
Geranium,4,55.703136,12.571606,copenhagen,4.2
Le Sommelier,3,55.686262,12.591769,copenhagen,4.5
Kdbyens Fiskebar,2,55.667862,12.559252,copenhagen,4
